City_ID,City,Country,Lat,Lng,Max Temp,Humidity,Cloudiness,Wind Speed,Current Description
0,North Bend,US,43.4065,-124.2243,66.24,87,100,8.05,overcast clouds
1,Rikitea,PF,-23.1203,-134.9692,74.64,77,100,15.84,light rain
2,Avarua,CK,-21.2078,-159.775,71.65,68,100,8.05,overcast clouds
3,Ivangorod,RU,59.3716,28.2162,64.54,83,42,2.42,scattered clouds
4,Bluff,NZ,-46.6,168.3333,35.8,70,66,4.07,broken clouds
5,Bredasdorp,ZA,-34.5322,20.0403,56.19,68,19,8.77,few clouds
6,Punta Arenas,CL,-53.15,-70.9167,32.11,64,20,11.5,few clouds
7,Albany,US,42.6001,-73.9662,76.95,49,1,6.29,clear sky
8,Maumere,ID,-8.6199,122.2111,77.29,81,46,3.85,scattered clouds
9,Barrow,US,71.2906,-156.7887,48.22,81,0,11.5,clear sky
10,New Norfolk,AU,-42.7826,147.0587,45.9,81,52,2.66,broken clouds
11,Norman Wells,CA,65.282,-126.8329,64.44,68,40,3.44,smoke
12,Upernavik,GL,72.7868,-56.1549,39.6,83,3,9.28,clear sky
13,Nouakchott,MR,18.0858,-15.9785,78.73,79,38,16.08,scattered clouds
14,Turukhansk,RU,65.8167,87.9833,62.65,89,35,8.63,scattered clouds
15,Jamestown,US,42.097,-79.2353,78.06,49,0,11.5,clear sky
16,Kapaa,US,22.0752,-159.319,75.52,90,40,13.8,scattered clouds
17,Nikolskoye,RU,59.7035,30.7861,62.8,81,96,4.63,light rain
18,Hambantota,LK,6.1241,81.1185,80.98,74,97,20.27,overcast clouds
19,Luderitz,NA,-26.6481,15.1594,57.33,83,38,12.35,scattered clouds
20,Plettenberg Bay,ZA,-34.0527,23.3716,65.71,57,0,7.83,clear sky
21,Hobyo,SO,5.3505,48.5268,76.37,75,100,29.55,overcast clouds
22,Iqaluit,CA,63.7506,-68.5145,40.73,80,20,8.05,few clouds
23,Dikson,RU,73.5069,80.5464,33.19,89,33,7.43,scattered clouds
24,Port Alfred,ZA,-33.5906,26.891,68.18,36,0,10.45,clear sky
25,Yellowknife,CA,62.456,-114.3525,61.32,94,75,13.8,broken clouds
26,Hermanus,ZA,-34.4187,19.2345,58.96,75,23,10.49,few clouds
27,Krasnovka,RU,48.8177,40.0923,80.04,29,37,8.25,scattered clouds
28,Ribeira Grande,PT,38.5167,-28.7,73.8,64,75,19.57,broken clouds
29,Mataura,NZ,-46.1927,168.8643,35.47,92,23,2.13,few clouds
30,Ust-Kan,RU,50.9276,84.761,53.2,87,100,1.74,overcast clouds
31,Sur,OM,22.5667,59.5289,83.46,81,100,8.34,light rain
32,Bom Despacho,BR,-19.7364,-45.2522,79.48,33,0,7.0,clear sky
33,Kaeo,NZ,-35.1,173.7833,56.32,96,46,6.51,light rain
34,Straumen,NO,63.8709,11.2999,51.8,94,100,3.44,overcast clouds
35,Namibe,AO,-15.1961,12.1522,66.83,77,0,20.71,clear sky
36,Priiskovyy,RU,51.9333,116.6333,54.07,94,89,4.76,overcast clouds
37,Vorozhba,UA,51.1733,34.2192,64.08,91,91,6.89,overcast clouds
38,Pisco,PE,-13.7,-76.2167,64.02,82,75,2.3,mist
39,Pevek,RU,69.7008,170.3133,32.58,97,100,9.46,light snow
40,Ponta Do Sol,PT,32.6667,-17.1,75.83,60,4,2.84,clear sky
41,Bengkulu,ID,-3.8004,102.2655,75.51,88,8,4.21,clear sky
42,Kaitangata,NZ,-46.2817,169.8464,33.75,86,60,4.41,broken clouds
43,Saskylakh,RU,71.9167,114.0833,50.16,72,96,9.33,overcast clouds
44,Beloha,MG,-25.1667,45.05,66.15,63,0,12.57,clear sky
45,Lata,PT,40.1629,-8.3327,90.48,40,0,11.86,clear sky
46,Lebu,CL,-37.6167,-73.65,47.7,86,100,11.74,light rain
47,Xuanzhou,CN,30.9525,118.7553,80.62,86,98,4.07,overcast clouds
48,Shieli,KZ,44.1667,66.75,78.66,32,1,9.06,clear sky
49,Butaritari,KI,3.0707,172.7902,81.01,80,25,13.71,light rain
50,Tuktoyaktuk,CA,69.4541,-133.0374,48.2,100,100,8.05,fog
51,Kruisfontein,ZA,-34.0033,24.7314,74.88,30,0,12.01,clear sky
52,Manzanillo,CU,20.3433,-77.1167,86.65,62,81,2.08,broken clouds
53,Bereda,ES,43.2686,-7.5406,85.41,71,0,6.73,clear sky
54,Sydney,AU,-33.8679,151.2073,50.77,72,75,14.97,shower rain
55,Ayan,RU,56.45,138.1667,57.79,87,91,10.56,overcast clouds
56,Netivot,IL,31.4222,34.5886,82.6,58,0,8.7,clear sky
57,Tual,ID,-5.6667,132.75,79.93,82,100,21.3,overcast clouds
58,Qaanaaq,GL,77.484,-69.3632,42.64,77,99,0.49,overcast clouds
59,Basco,PH,20.4487,121.9702,84.0,80,62,15.19,broken clouds
60,Dryden,CA,49.7833,-92.7503,73.69,53,0,9.22,clear sky
61,Quatre Cocos,MU,-20.2078,57.7625,69.91,63,95,22.86,light rain
62,Pimentel,PE,-6.8367,-79.9342,70.09,64,20,12.66,few clouds
63,Ushuaia,AR,-54.8,-68.3,28.06,86,75,18.41,light snow
64,Cape Town,ZA,-33.9258,18.4232,59.38,88,75,14.97,heavy intensity rain
65,Mar Del Plata,AR,-38.0023,-57.5575,56.95,83,100,11.5,overcast clouds
66,Abu Samrah,SY,35.3029,37.1841,84.52,34,0,16.17,clear sky
67,Samfya,ZM,-11.3649,29.5565,66.33,42,13,10.13,few clouds
68,Egvekinot,RU,66.3167,-179.1667,40.37,99,100,7.27,light rain
69,Naryan-Mar,RU,67.6713,53.087,61.63,62,40,10.16,scattered clouds
70,Port Augusta,AU,-32.5,137.7667,40.6,82,0,2.35,clear sky
71,Yunhe,CN,34.0833,119.7167,79.63,83,28,7.63,scattered clouds
72,Nhulunbuy,AU,-12.2333,136.7667,72.21,68,40,10.36,scattered clouds
73,Mayo,US,38.8876,-76.5119,73.4,92,100,13.0,light rain
74,Griffith,US,41.5284,-87.4237,79.3,65,0,11.5,clear sky
75,Tasiilaq,GL,65.6145,-37.6368,50.16,81,100,6.24,overcast clouds
76,Mantua,IT,45.1667,10.7833,86.09,43,48,10.49,scattered clouds
77,Ndele,CF,8.4109,20.6473,78.82,72,91,0.78,overcast clouds
78,Tugulym,RU,57.0591,64.6425,73.47,76,76,5.06,broken clouds
79,Cairns,AU,-16.9167,145.7667,67.95,82,40,10.36,scattered clouds
80,Hilo,US,19.7297,-155.09,74.62,89,100,5.75,overcast clouds
81,Carnarvon,AU,-24.8667,113.6333,70.81,68,7,9.6,clear sky
82,Druzhba,UA,52.0428,33.9453,62.2,90,76,5.26,light rain
83,Faanui,PF,-16.4833,-151.75,78.08,77,81,21.74,light rain
84,Oktyabrskoye,RU,43.0645,44.7417,71.74,83,75,6.71,broken clouds
85,Atambua,ID,-9.1061,124.8925,69.76,84,53,6.13,broken clouds
86,Tazovskiy,RU,67.4667,78.7,46.6,90,97,19.35,overcast clouds
87,Nuuk,GL,64.1835,-51.7216,40.87,93,99,8.01,overcast clouds
88,Adelanto,US,34.5828,-117.4092,88.74,18,0,2.3,clear sky
89,Geraldton,AU,-28.7667,114.6,64.81,88,100,10.36,overcast clouds
90,Hobart,AU,-42.8794,147.3294,46.26,89,100,6.91,overcast clouds
91,Mehamn,NO,71.0357,27.8492,55.35,82,100,4.61,overcast clouds
92,Puerto Ayora,EC,-0.7393,-90.3518,75.16,96,89,7.0,overcast clouds
93,Camopi,GF,3.1655,-52.3158,74.8,97,98,2.35,overcast clouds
94,East London,ZA,-33.0153,27.9116,65.34,63,0,5.75,clear sky
95,Torbay,CA,47.6666,-52.7314,70.29,78,75,11.5,broken clouds
96,Atar,MR,20.5169,-13.0499,107.4,16,21,13.24,few clouds
97,Bubaque,GW,11.2833,-15.8333,81.54,80,74,11.18,broken clouds
98,Port Hardy,CA,50.6996,-127.4199,57.38,94,100,2.3,overcast clouds
99,Aasiaat,GL,68.7098,-52.8699,38.41,89,58,3.91,broken clouds
100,Makubetsu,JP,45.3714,141.8211,63.93,96,86,8.66,overcast clouds
101,Souillac,MU,-20.5167,57.5167,70.18,68,40,16.11,light rain
102,Santa Marta,CO,11.2408,-74.199,91.45,61,40,8.01,scattered clouds
103,Woodward,US,36.4337,-99.3904,90.97,49,0,5.75,clear sky
104,Pundaguitan,PH,6.3711,126.1689,81.3,77,99,5.79,overcast clouds
105,Grand Gaube,MU,-20.0064,57.6608,70.2,63,78,7.0,broken clouds
106,Busselton,AU,-33.65,115.3333,56.57,63,89,23.53,light rain
107,Solnechnyy,RU,50.7214,136.6319,67.42,93,66,4.88,broken clouds
108,Scarborough,GB,54.2797,-0.4044,69.37,67,83,3.0,broken clouds
109,Sioux Falls,US,43.55,-96.7003,82.09,68,40,10.36,scattered clouds
110,Coihaique,CL,-45.5752,-72.0662,38.01,100,100,3.44,fog
111,Acapulco,MX,16.8634,-99.8901,85.32,73,93,6.87,overcast clouds
112,Beringovskiy,RU,63.05,179.3167,49.01,91,100,13.69,overcast clouds
113,Marrakesh,MA,31.6315,-8.0083,113.07,10,20,6.91,few clouds
114,Mandalgovi,MN,45.7625,106.2708,62.02,54,44,10.47,scattered clouds
115,Lavumisa,SZ,-27.31,31.892,62.8,74,4,4.56,clear sky
116,Lasa,IT,46.6166,10.7002,76.37,40,48,6.42,scattered clouds
117,Tecolutilla,MX,18.2833,-93.3167,85.98,67,0,3.44,clear sky
118,Sitka,US,57.0531,-135.33,57.09,88,100,3.44,overcast clouds
119,Castro,BR,-24.7911,-50.0119,72.9,42,34,6.24,scattered clouds
120,Dunedin,NZ,-45.8742,170.5036,39.79,70,99,4.0,overcast clouds
121,Saldanha,ZA,-33.0117,17.9442,55.45,88,59,17.52,light rain
122,Esperance,AU,-33.8667,121.9,62.26,51,99,17.05,overcast clouds
123,Rio Grande,BR,-32.035,-52.0986,59.11,89,100,14.12,moderate rain
124,Kununurra,AU,-15.7667,128.7333,62.58,39,60,8.05,broken clouds
125,Loandjili,CG,-4.7561,11.8578,72.75,82,66,8.72,broken clouds
126,Buchanan,LR,5.8808,-10.0467,77.0,84,100,11.25,light rain
127,Bethel,US,41.3712,-73.414,83.62,49,20,11.5,few clouds
128,Taicheng,CN,38.731,113.228,64.11,94,93,3.04,moderate rain
129,Igarka,RU,67.4667,86.5833,58.08,86,53,9.82,broken clouds
130,Labuhan,ID,-6.8844,112.2051,76.06,82,8,6.8,clear sky
131,Sidney,AU,-33.8679,151.2073,50.77,72,75,14.97,shower rain
132,Belmonte,BR,-15.8631,-38.8828,74.91,78,57,13.62,broken clouds
133,Bara,NG,10.3744,10.7288,82.18,45,79,6.04,broken clouds
134,Muroto,JP,33.2833,134.15,78.44,89,54,2.08,broken clouds
135,Khatanga,RU,71.9667,102.5,45.61,93,100,2.55,overcast clouds
136,Chivacoa,VE,10.1603,-68.895,77.81,87,95,4.7,overcast clouds
137,Vaini,TO,-21.2,-175.2,74.62,75,15,22.08,few clouds
138,Kavadarci,MK,41.4331,22.0119,60.84,87,100,2.89,overcast clouds
139,Great Falls,US,47.5002,-111.3008,80.69,42,0,9.22,clear sky
140,Bonito,BR,-21.1211,-56.4819,91.89,23,13,11.32,few clouds
141,Lengshuijiang,CN,27.6881,111.4294,80.42,85,9,2.68,clear sky
142,Poum,NC,-20.2333,164.0167,77.29,84,13,16.98,few clouds
143,Nome,US,64.5011,-165.4064,53.67,82,0,0.0,clear sky
144,Cayenne,GF,4.9333,-52.3333,82.44,78,75,4.61,broken clouds
145,Bandarbeyla,SO,9.4942,50.8122,80.11,62,64,29.24,broken clouds
146,Tiksi,RU,71.6872,128.8694,50.0,58,61,11.32,broken clouds
147,Old Shinyanga,TZ,-3.55,33.4,73.99,30,1,4.16,clear sky
148,Ostrovnoy,RU,68.0531,39.5131,48.47,87,87,7.18,overcast clouds
149,Sorland,NO,67.667,12.6934,55.26,78,16,5.26,few clouds
150,Kasempa,ZM,-13.4584,25.8338,62.28,44,3,4.5,clear sky
151,Yulara,AU,-25.2406,130.9889,43.61,57,0,7.9,clear sky
152,Pocone,BR,-16.2567,-56.6228,96.57,23,60,8.84,broken clouds
153,Chuy,UY,-33.6971,-53.4616,61.03,90,93,12.5,overcast clouds
154,Lehi,US,40.3916,-111.8508,94.05,26,12,5.01,few clouds
155,Saint Anthony,US,45.0205,-93.218,81.77,57,0,9.22,clear sky
156,Trairi,BR,-3.2778,-39.2689,85.42,52,77,13.2,broken clouds
157,San Vicente,AR,-26.6167,-54.1333,77.36,42,31,7.43,scattered clouds
158,Cherskiy,RU,68.75,161.3,36.25,95,100,13.6,light rain
159,Arlit,NE,18.7369,7.3853,106.02,8,21,4.09,few clouds
160,Lorengau,PG,-2.0226,147.2712,81.64,78,99,10.0,overcast clouds
161,Tamna,RO,44.5667,23.0167,69.82,57,100,6.33,overcast clouds
162,Huarmey,PE,-10.0681,-78.1522,67.35,72,74,10.11,broken clouds
163,Berlevag,NO,70.8578,29.0864,55.4,87,100,9.22,light rain
164,Maniitsoq,GL,65.4167,-52.9,41.92,90,100,10.8,overcast clouds
165,Ordu,TR,40.9086,37.6845,58.84,92,2,1.99,clear sky
166,Barra Dos Coqueiros,BR,-10.9089,-37.0386,77.02,83,100,8.05,overcast clouds
167,Luganville,VU,-15.5333,167.1667,76.5,84,10,5.97,clear sky
168,Klaksvik,FO,62.2266,-6.589,50.92,97,100,11.77,light rain
169,Bambous Virieux,MU,-20.3428,57.7575,70.05,68,40,16.11,scattered clouds
170,Badou,TG,7.5833,0.6,73.17,95,100,3.74,moderate rain
171,Kapit,MY,2.0167,112.9333,73.83,97,100,1.52,overcast clouds
172,San Cristobal,VE,7.7669,-72.225,82.58,59,96,7.74,overcast clouds
173,Lompoc,US,34.6391,-120.4579,72.93,89,100,4.61,overcast clouds
174,Asau,RO,46.4333,26.4,74.32,56,94,6.96,overcast clouds
175,Kavieng,PG,-2.5744,150.7967,81.45,70,16,16.75,few clouds
176,Vostok,RU,46.4856,135.8833,59.22,95,85,3.83,overcast clouds
177,Antofagasta,CL,-23.65,-70.4,68.22,61,100,6.51,overcast clouds
178,Vila,PT,42.0304,-8.1588,90.7,24,0,3.4,clear sky
179,Ahipara,NZ,-35.1667,173.1667,57.51,93,53,6.87,broken clouds
180,Christchurch,NZ,-43.5333,172.6333,40.91,79,75,8.05,broken clouds
181,Gikongoro,RW,-2.464,29.5739,62.38,60,68,3.02,broken clouds
182,Chokurdakh,RU,70.6333,147.9167,45.28,59,100,3.0,overcast clouds
183,Hithadhoo,MV,-0.6,73.0833,82.49,74,20,4.12,few clouds
184,Atuona,PF,-9.8,-139.0333,76.95,81,30,19.35,light rain
185,Estelle,US,29.8458,-90.1067,93.0,67,75,8.05,broken clouds
186,Bukachacha,RU,52.9833,116.9167,51.21,93,99,3.71,overcast clouds
187,Provideniya,RU,64.3833,-173.3,48.34,94,100,6.53,overcast clouds
188,Iskateley,RU,67.6803,53.1512,61.54,62,40,10.04,scattered clouds
189,Tessalit,ML,20.1986,1.0114,106.74,6,70,12.3,broken clouds
190,Vila Velha,BR,-20.3297,-40.2925,76.95,91,75,5.75,broken clouds
191,Katsuura,JP,35.1333,140.3,75.34,92,100,16.26,light rain
192,Mahebourg,MU,-20.4081,57.7,70.09,68,40,16.11,scattered clouds
193,Zalantun,CN,48.0,122.7167,61.09,59,77,4.45,broken clouds
194,Friedrichshafen,DE,47.65,9.4833,77.16,44,0,5.75,clear sky
195,Nishihara,JP,26.1842,127.7558,83.86,89,75,10.36,broken clouds
196,Abnub,EG,27.2696,31.1511,97.02,16,20,11.77,few clouds
197,Tabuk,PH,17.4189,121.4443,74.97,93,82,4.25,broken clouds
198,Husavik,IS,66.0449,-17.3389,56.28,65,86,11.39,overcast clouds
199,Magole,TZ,-6.3667,37.3667,70.81,53,84,1.36,broken clouds
200,Tarakan,ID,3.3,117.6333,78.3,94,75,0.0,broken clouds
201,Inhambane,MZ,-23.865,35.3833,67.51,71,0,8.5,clear sky
202,Nyuksenitsa,RU,60.4128,44.2397,66.24,69,94,3.2,overcast clouds
203,Quijingue,BR,-10.7525,-39.2092,85.12,36,5,12.71,clear sky
204,Since,CO,9.2439,-75.1468,86.38,69,26,4.7,scattered clouds
205,Villa Literno,IT,41.0099,14.0805,84.15,40,20,11.5,few clouds
206,Sobolevo,RU,54.4299,31.8996,65.14,83,69,3.76,light rain
207,Piritiba,BR,-11.7303,-40.5553,76.12,54,71,10.13,broken clouds
208,Hamilton,US,39.1834,-84.5333,76.24,88,100,8.05,light rain
209,Linares,CL,-35.85,-71.6,48.49,92,100,17.74,light rain
210,Umm Lajj,SA,25.0213,37.2685,88.11,48,95,5.17,overcast clouds
211,Ferme-Neuve,CA,46.7001,-75.4493,68.07,35,1,6.69,clear sky
212,Ilulissat,GL,69.2167,-51.1,41.27,72,42,2.42,scattered clouds
213,Bilma,NE,18.6853,12.9164,104.04,11,17,6.38,few clouds
214,Kamina,CD,-8.7386,24.9906,67.96,34,7,5.79,clear sky
215,Kavaratti,IN,10.5669,72.642,81.28,82,100,19.71,overcast clouds
216,Tolmezzo,IT,46.4075,13.0175,79.75,66,85,3.58,overcast clouds
217,Henties Bay,NA,-22.116,14.2845,57.54,89,0,9.51,clear sky
218,Kano,NG,12.0001,8.5167,96.1,28,46,3.98,scattered clouds
219,Matagami,CA,49.7502,-77.6328,64.51,48,75,5.75,broken clouds
220,Muros,ES,42.7762,-9.0603,82.09,43,9,5.26,clear sky
221,Kysyl-Syr,RU,63.8986,122.7617,59.97,77,100,3.13,overcast clouds
222,Kyra,RU,49.5776,111.9753,51.37,84,25,4.63,scattered clouds
223,Ladario,BR,-19.0047,-57.6017,91.69,27,0,12.66,clear sky
224,Ponta Delgada,PT,37.7333,-25.6667,70.52,68,75,12.66,broken clouds
225,Indiaroba,BR,-11.5192,-37.5117,79.39,64,41,9.89,scattered clouds
226,Ramat Yishay,IL,32.7006,35.1797,80.11,79,0,8.61,clear sky
227,Thompson,CA,55.7435,-97.8558,66.36,82,100,4.61,overcast clouds
228,Port Elizabeth,ZA,-33.918,25.5701,77.09,35,0,5.75,clear sky
229,Campo Maior,BR,-4.8278,-42.1686,90.3,32,89,4.83,overcast clouds
230,Beberibe,BR,-4.1797,-38.1306,83.48,59,45,12.62,scattered clouds
231,Fortuna,US,40.5982,-124.1573,62.65,85,19,1.99,few clouds
232,Portland,US,45.5234,-122.6762,71.62,69,75,6.91,broken clouds
233,Oranjestad,AW,12.524,-70.027,85.95,74,75,24.16,broken clouds
234,Abong Mbang,CM,3.9833,13.1833,70.77,95,94,2.68,moderate rain
235,Amurzet,RU,47.6967,131.0981,65.01,97,100,1.39,overcast clouds
236,Goderich,CA,43.7501,-81.7165,71.92,35,0,9.22,clear sky
237,Soyo,AO,-6.1349,12.3689,71.85,81,100,10.83,overcast clouds
238,Darhan,MN,49.4867,105.9228,59.38,70,100,2.53,overcast clouds
239,Oranjemund,NA,-28.55,16.4333,59.74,70,1,23.6,clear sky
240,Rosarito,MX,32.3333,-117.0333,81.41,67,5,9.55,clear sky
241,Nanortalik,GL,60.1432,-45.2371,43.95,91,95,4.7,overcast clouds
242,Kota Kinabalu,MY,5.9749,116.0724,73.38,94,40,5.99,scattered clouds
243,Ola,RU,59.5833,151.2833,53.11,98,80,1.34,broken clouds
244,Kosugi,JP,36.7167,137.1,75.69,93,94,1.07,overcast clouds
245,Aragarcas,BR,-15.8975,-52.2508,88.45,35,0,13.8,clear sky
246,Suicheng,CN,33.8963,117.9331,83.35,76,54,5.93,broken clouds
247,Makat,KZ,47.6469,53.3463,88.2,24,39,9.86,scattered clouds
248,Khani,GE,41.9563,42.9566,69.37,96,9,1.34,clear sky
249,Alofi,NU,-19.0595,-169.9187,73.29,88,55,11.5,broken clouds
250,Kars,TR,40.602,43.095,62.35,75,63,5.21,broken clouds
251,Zhezkazgan,KZ,47.8043,67.7144,72.32,42,73,12.39,broken clouds
252,Beidao,CN,34.5686,105.8933,76.03,74,94,5.66,overcast clouds
253,Dudinka,RU,69.4058,86.1778,52.63,93,100,13.53,overcast clouds
254,Vikersund,NO,59.9659,9.995,68.25,32,97,8.97,overcast clouds
255,Vidalia,US,32.2177,-82.4135,87.91,70,40,6.91,scattered clouds
256,Puyang,CN,29.4603,119.8861,80.42,90,100,1.41,overcast clouds
257,Rio Gallegos,AR,-51.6226,-69.2181,30.25,80,0,12.66,clear sky
258,Te Anau,NZ,-45.4167,167.7167,31.37,90,93,4.21,overcast clouds
259,Brodick,GB,55.5754,-5.1472,64.24,73,34,10.2,scattered clouds
260,Salalah,OM,17.0151,54.0924,77.83,96,100,4.43,light rain
261,Kijang,KR,35.2442,129.2139,80.33,86,40,1.01,scattered clouds
262,Necochea,AR,-38.5473,-58.7368,53.35,83,96,9.86,overcast clouds
263,Victoria,HK,22.2855,114.1577,86.38,82,10,8.01,clear sky
264,Harstad,NO,68.799,16.5293,60.19,95,82,5.01,broken clouds
265,Tara,RU,56.8944,74.371,66.54,84,100,3.89,overcast clouds
266,Sao Joao Da Barra,BR,-21.6403,-41.0511,80.69,72,14,12.86,few clouds
267,Binzhou,CN,37.3667,118.0167,76.64,87,100,8.41,overcast clouds
268,Paragominas,BR,-2.9667,-47.4833,87.78,52,70,5.21,broken clouds
269,Pedro Juan Caballero,PY,-22.5472,-55.7333,78.76,44,0,16.11,clear sky
270,Port Hedland,AU,-20.3167,118.5667,51.85,71,2,6.91,clear sky
271,Mount Gambier,AU,-37.8333,140.7667,37.31,93,100,5.75,overcast clouds
272,Urucara,BR,-2.5364,-57.76,90.32,48,74,6.29,broken clouds
273,Flinders,AU,-34.5833,150.8552,52.18,90,90,7.0,heavy intensity rain
274,Kodiak,US,57.79,-152.4072,53.11,94,100,17.27,light rain
275,Mount Isa,AU,-20.7333,139.5,53.37,47,0,10.36,clear sky
276,Faya,SA,18.3851,42.4509,71.71,39,100,4.74,overcast clouds
277,Los Llanos De Aridane,ES,28.6585,-17.9182,73.15,73,0,18.41,clear sky
278,Vao,NC,-22.6667,167.4833,74.53,86,1,10.4,clear sky
279,Thinadhoo,MV,0.5333,72.9333,82.65,75,14,7.67,few clouds
280,San Patricio,US,28.017,-97.5169,94.06,40,8,4.7,clear sky
281,Kaduqli,SD,11.0167,29.7167,76.41,74,100,5.12,light rain
282,Yangjiang,CN,21.85,111.9667,79.56,90,44,5.19,scattered clouds
283,Kedrovyy,RU,56.1667,91.8167,55.87,79,87,1.68,overcast clouds
284,Safford,US,32.834,-109.7076,91.11,31,2,5.95,clear sky
285,Porlamar,VE,10.958,-63.8491,84.29,79,94,16.11,overcast clouds
286,Abonnema,NG,4.7084,6.7931,75.16,89,99,9.44,light rain
287,Puerto Narino,CO,-3.7703,-70.3831,90.18,52,59,4.63,broken clouds
288,Puerto Suarez,BO,-18.95,-57.8,91.96,54,0,12.66,clear sky
289,Charters Towers,AU,-20.1,146.2667,52.77,68,14,7.2,few clouds
290,Georgetown,MY,5.4112,100.3354,84.88,76,20,0.0,few clouds
291,Puro,PH,12.4841,123.3827,79.16,85,92,5.93,overcast clouds
292,Zhigansk,RU,66.7697,123.3711,47.52,85,60,8.32,broken clouds
293,Sao Filipe,CV,14.8961,-24.4956,74.05,82,26,6.82,scattered clouds
294,Tigil,RU,57.8,158.6667,59.05,95,19,6.73,few clouds
295,Arraial Do Cabo,BR,-22.9661,-42.0278,80.56,65,20,12.66,few clouds
296,Codrington,AU,-38.2667,141.9667,42.62,92,1,5.91,clear sky
297,Kabanjahe,ID,3.1001,98.4908,62.06,94,99,4.32,overcast clouds
298,Javornik,CZ,50.3908,17.0027,67.46,76,100,6.73,overcast clouds
299,Hami,CN,42.8,93.45,88.97,10,74,18.92,broken clouds
300,Mao,ES,39.8885,4.2658,86.56,30,0,11.5,clear sky
301,Wanning,CN,18.8003,110.3967,79.84,88,74,2.98,light rain
302,Sidi Ali,DZ,36.0998,0.4206,78.08,55,0,16.96,clear sky
303,Camacha,PT,33.0833,-16.3333,69.22,78,20,21.85,few clouds
304,Bathsheba,BB,13.2167,-59.5167,88.41,84,20,21.85,few clouds
305,Caravelas,BR,-17.7125,-39.2481,78.15,59,3,9.15,clear sky
306,Nelson Bay,AU,-32.7167,152.15,50.0,88,35,11.99,scattered clouds
307,Hukuntsi,BW,-24.0,21.75,63.54,27,0,7.23,clear sky
308,Juneau,US,58.3019,-134.4197,59.85,94,100,9.22,light rain
309,Kloulklubed,PW,7.0419,134.2556,79.3,80,100,11.86,light rain
310,Umba,RU,66.6871,34.3429,58.96,68,92,6.71,overcast clouds
311,Longyearbyen,SJ,78.2186,15.6401,46.24,61,20,20.71,few clouds
312,Elko,US,41.0002,-115.5012,84.74,15,92,13.0,overcast clouds
313,Murphy,US,33.0151,-96.6131,101.32,44,75,1.99,broken clouds
314,Cockburn Town,TC,21.4612,-71.1419,84.16,65,75,14.97,broken clouds
315,Lagoa,PT,39.05,-27.9833,66.92,76,71,10.58,broken clouds
316,Tromso,NO,69.6496,18.957,59.02,67,40,10.36,scattered clouds
317,Varhaug,NO,58.6147,5.6457,56.75,78,95,25.55,overcast clouds
318,Broome,US,42.2506,-75.833,80.02,49,40,5.01,scattered clouds
319,Luquillo,PR,18.3725,-65.7166,89.76,74,0,12.66,clear sky
320,Alice Springs,AU,-23.7,133.8833,33.35,80,0,0.0,clear sky
321,Galle,LK,6.0367,80.217,80.73,81,100,15.79,overcast clouds
322,Belmopan,BZ,17.25,-88.7667,84.58,49,68,6.04,broken clouds
323,Churapcha,RU,62.0025,132.4325,58.95,69,100,4.81,overcast clouds
324,Machilipatnam,IN,16.1667,81.1333,79.65,79,100,19.6,light rain
325,Severo-Kurilsk,RU,50.6789,156.125,54.25,90,99,11.68,overcast clouds
326,Herouville-Saint-Clair,FR,49.2109,-0.3065,73.22,60,0,12.66,clear sky
327,Jardim,BR,-21.4803,-56.1381,92.34,23,2,10.92,clear sky
328,Arman,RU,59.7,150.1667,54.57,96,35,3.4,scattered clouds
329,Susanville,US,40.4163,-120.653,73.9,39,0,5.99,clear sky
330,Tuatapere,NZ,-46.1333,167.6833,33.96,84,13,3.22,few clouds
331,Agadez,NE,19.75,10.25,102.36,9,0,7.56,clear sky
332,Filadelfia,US,39.9523,-75.1638,79.18,81,100,10.36,overcast clouds
333,Vila Franca Do Campo,PT,37.7167,-25.4333,70.21,68,46,8.95,scattered clouds
334,Meulaboh,ID,4.1363,96.1285,77.77,87,99,3.56,overcast clouds
335,Saint-Philippe,RE,-21.3585,55.7679,69.39,79,51,17.92,light rain
336,Marathon,US,44.9,-89.7668,75.43,53,40,4.61,scattered clouds
337,Zamora,EC,-4.0692,-78.9567,72.64,100,100,2.98,light rain
338,Gizo,SB,-8.103,156.8419,80.37,71,54,5.28,broken clouds
339,San Luis,AR,-33.295,-66.3356,73.27,20,0,19.3,clear sky
340,Taonan,CN,45.3333,122.7833,69.67,49,27,8.99,scattered clouds
341,Lisakovsk,KZ,52.5369,62.4936,68.94,60,73,8.14,broken clouds
342,Clyde River,CA,70.4692,-68.5914,43.03,81,20,2.3,few clouds
343,Kendari,ID,-3.945,122.4989,74.23,94,100,1.36,overcast clouds
344,Sint-Lievens-Houtem,BE,50.9329,3.8809,73.11,52,81,15.48,broken clouds
345,Wad Madani,SD,14.4012,33.5199,88.72,43,96,12.5,overcast clouds
346,Pemberton,CA,50.3164,-122.8027,62.29,70,100,2.51,overcast clouds
347,Vanimo,PG,-2.6741,141.3028,77.68,88,85,5.35,overcast clouds
348,Alta Floresta,BR,-9.8756,-56.0861,96.62,32,20,9.22,few clouds
349,Nakamura,JP,32.9833,132.9333,74.71,98,52,2.73,broken clouds
350,Clermont,FR,49.5,2.4167,80.71,50,42,16.31,scattered clouds
351,Sao Jose De Ribamar,BR,-2.5619,-44.0542,89.98,61,38,6.38,scattered clouds
352,Mizunami,JP,35.3667,137.25,74.48,98,100,0.87,light rain
353,Sisimiut,GL,66.9395,-53.6735,44.74,79,100,13.94,overcast clouds
354,Hay River,CA,60.8156,-115.7999,64.38,82,75,8.05,broken clouds
355,San-Pedro,CI,4.7485,-6.6363,77.13,77,100,9.33,overcast clouds
356,Guerrero Negro,MX,27.9769,-114.0611,74.59,64,52,14.63,broken clouds
357,Victor Harbor,AU,-35.5667,138.6167,43.68,84,0,4.63,clear sky
358,Waddan,LY,29.1614,16.139,97.05,23,0,18.28,clear sky
359,Nemuro,JP,43.3236,145.575,57.0,97,99,12.46,overcast clouds
360,Chemal,RU,51.4111,86.005,58.37,98,100,2.64,overcast clouds
361,Garden City,US,42.3256,-83.331,78.93,40,8,1.01,clear sky
362,Ulaanbaatar,MN,47.9077,106.8832,57.33,67,40,13.42,light rain
363,Jaguaribe,BR,-5.8906,-38.6219,90.12,35,47,11.59,scattered clouds
364,Narsaq,GL,60.9167,-46.05,55.62,76,100,5.3,overcast clouds
365,Posse,BR,-14.0931,-46.3694,84.33,23,5,9.78,clear sky
366,Bilibino,RU,68.0546,166.4372,41.72,94,100,6.44,light rain
367,Contepec,MX,20.0167,-100.1167,69.15,47,83,6.24,broken clouds
368,Priargunsk,RU,50.3691,119.1012,57.22,75,100,5.03,overcast clouds
369,Hasaki,JP,35.7333,140.8333,73.29,93,100,16.33,overcast clouds
370,Wasilla,US,61.5814,-149.4394,64.22,63,75,6.91,broken clouds
371,Aklavik,CA,68.2191,-135.0107,57.2,94,100,12.66,haze
372,Nynashamn,SE,58.9034,17.9479,68.16,52,75,13.13,broken clouds
373,Lavrentiya,RU,65.5833,-171.0,47.62,87,100,7.34,overcast clouds
374,Saint George,US,37.1041,-113.5841,95.63,14,0,1.99,clear sky
375,Richards Bay,ZA,-28.783,32.0377,68.72,71,0,13.71,clear sky
376,Martapura,ID,-3.4167,114.85,77.09,83,100,3.44,overcast clouds
377,Kundiawa,PG,-6.0167,144.9667,60.22,97,100,1.83,overcast clouds
378,Ariquemes,BR,-9.9133,-63.0408,95.7,31,3,3.96,clear sky
379,Brokopondo,SR,4.75,-55.1667,83.82,68,38,5.28,scattered clouds
380,Kiunga,PG,-6.1219,141.2906,71.83,99,78,1.86,broken clouds
381,Kushima,JP,31.4583,131.2333,74.8,88,0,4.81,clear sky
382,Ancud,CL,-41.8697,-73.8203,46.22,88,100,5.41,overcast clouds
383,Araouane,ML,18.9048,-3.5265,108.05,6,92,13.29,overcast clouds
384,Abu Dhabi,AE,24.4667,54.3667,93.31,68,0,10.36,clear sky
385,Lazaro Cardenas,MX,17.9583,-102.2,82.76,68,100,3.24,overcast clouds
386,Kanigoro,ID,-8.13,112.219,71.08,90,88,6.58,overcast clouds
387,Rockland,US,41.1668,-74.0496,84.67,45,68,1.01,broken clouds
388,Guymon,US,36.6828,-101.4816,91.45,34,1,10.8,clear sky
389,Honningsvag,NO,70.9821,25.9704,53.35,76,84,2.3,broken clouds
390,Tevaitoa,PF,-16.7833,-151.5,77.58,77,81,21.05,light rain
391,Nouadhibou,MR,20.931,-17.0347,71.58,83,47,20.71,scattered clouds
392,Jalu,LY,29.0331,21.5482,93.27,29,0,21.45,clear sky
393,Carros,FR,43.7894,7.184,83.77,56,0,5.75,clear sky
394,Spearfish,US,44.4908,-103.8594,92.26,57,0,8.05,clear sky
395,Muravlenko,RU,63.7898,74.523,67.48,54,4,9.01,clear sky
396,Jermuk,AM,39.8417,45.6723,56.21,78,33,6.93,scattered clouds
397,Colmar,FR,48.0833,7.3667,82.0,38,0,5.75,clear sky
398,Camana,PE,-16.6228,-72.7111,67.03,67,70,7.9,broken clouds
399,La Asuncion,VE,11.0333,-63.8628,83.93,79,95,16.11,overcast clouds
400,Lucapa,AO,-8.4192,20.7447,74.5,25,24,1.83,few clouds
401,Isangel,VU,-19.55,169.2667,73.74,84,11,7.38,few clouds
402,Soe,ID,-9.8607,124.284,63.54,94,99,4.05,overcast clouds
403,Gunjur,GM,13.2019,-16.7339,81.82,76,97,10.63,overcast clouds
404,Herat,AF,34.5,62.0,80.96,14,0,38.3,clear sky
405,Chifeng,CN,42.2683,118.9636,74.35,40,100,4.83,overcast clouds
406,Maarianhamina,AX,60.0973,19.9348,62.46,55,0,11.5,clear sky
407,Zabol,AF,32.25,67.25,76.59,56,59,6.73,broken clouds
408,Pitea,SE,65.3172,21.4794,64.49,58,100,4.9,overcast clouds
409,San Ramon De La Nueva Oran,AR,-23.1322,-64.326,86.81,37,36,3.49,scattered clouds
410,Suclayin,PH,15.7568,121.5503,77.52,94,32,0.98,scattered clouds
411,Aberystwyth,GB,52.4155,-4.0829,64.33,76,4,9.37,clear sky
412,Strezhevoy,RU,60.7333,77.5889,70.63,79,47,6.53,scattered clouds
413,Chernigovka,RU,44.3389,132.5728,62.94,97,83,7.09,broken clouds
414,Palu,ID,-0.8917,119.8707,75.92,98,100,3.8,moderate rain
415,Bhabua,IN,25.05,83.6167,92.79,47,100,13.22,overcast clouds
416,Airai,TL,-8.9266,125.4092,56.07,92,90,3.58,overcast clouds
417,Parksepa,EE,57.9062,26.9836,67.8,67,60,9.55,broken clouds
418,Bardiyah,LY,31.7561,25.0865,78.91,74,0,21.3,clear sky
419,Shaoguan,CN,24.8,113.5833,78.33,88,74,1.81,broken clouds
420,Bac Lieu,VN,9.285,105.7244,77.61,89,100,14.38,light rain
421,Asfi,MA,32.2994,-9.2372,83.52,46,1,17.98,clear sky
422,Westport,US,41.1415,-73.3579,84.88,55,75,10.36,broken clouds
423,Padang,ID,-0.9492,100.3543,77.38,87,66,2.77,light rain
424,Karwar,IN,14.8,74.1333,78.93,86,100,17.47,light rain
425,Rudbar,AF,30.15,62.6,96.17,10,38,3.67,scattered clouds
426,Lindsay,US,36.203,-119.0882,87.01,48,0,5.75,clear sky
427,Ekhabi,RU,53.5102,142.9671,61.93,86,3,9.22,clear sky
428,Sakakah,SA,29.9697,40.2064,101.77,8,0,14.99,clear sky
429,Manado,ID,1.487,124.8455,75.97,94,40,4.61,scattered clouds
430,Nioro,GM,13.35,-15.75,91.89,50,90,5.46,overcast clouds
431,Guadalupe Y Calvo,MX,26.1,-106.9667,76.21,33,74,3.2,broken clouds
432,Sosnovo,RU,60.5514,30.2144,62.94,85,93,9.57,moderate rain
433,Tomatlan,MX,19.9333,-105.25,91.67,49,62,2.37,broken clouds
434,Tautira,PF,-17.7333,-149.15,76.24,75,94,19.1,overcast clouds
435,Ouesso,CG,1.6136,16.0517,80.19,66,95,1.92,overcast clouds
436,San Lawrenz,MT,36.0553,14.204,83.86,55,0,1.01,clear sky
437,Buala,SB,-8.145,159.5921,78.75,81,91,7.2,overcast clouds
438,Baherden,TM,38.4362,57.4316,87.28,16,0,4.79,clear sky
439,Sao Jose Da Coroa Grande,BR,-8.8978,-35.1478,78.6,76,11,11.01,few clouds
440,Nizwa,OM,22.9333,57.5333,82.51,72,100,3.94,overcast clouds
441,Saint-Georges,GD,12.0564,-61.7485,87.48,70,20,20.71,few clouds
442,Makakilo City,US,21.3469,-158.0858,75.18,84,75,0.0,light intensity drizzle
443,Port Hueneme,US,34.1478,-119.1951,80.38,86,100,4.61,mist
444,Da Nang,VN,16.0678,108.2208,78.78,89,75,3.44,heavy intensity rain
445,Drayton Valley,CA,53.2168,-114.9854,64.31,66,13,1.79,few clouds
446,Kristiansund,NO,63.1115,7.732,52.45,87,100,16.11,overcast clouds
447,San Quintin,MX,30.4833,-115.95,73.42,66,20,13.24,few clouds
448,Bosaso,SO,11.2842,49.1816,91.42,41,100,19.64,overcast clouds
449,Cidreira,BR,-30.1811,-50.2056,65.39,80,100,13.18,overcast clouds
450,Fort Nelson,CA,58.8053,-122.7002,56.79,94,100,9.22,light intensity shower rain
451,Listvyanka,RU,51.8535,104.8693,52.0,76,19,4.14,few clouds
452,Northam,GB,51.0333,-4.2167,67.24,68,19,11.68,few clouds
453,Nagato,JP,34.3833,131.2,76.89,94,19,4.16,few clouds
454,Matara,LK,5.9485,80.5353,80.37,80,100,15.77,overcast clouds
455,Kampot,KH,10.6167,104.1833,78.85,94,100,10.98,overcast clouds
456,Columbus,US,39.9612,-82.9988,83.43,63,40,10.36,scattered clouds
457,Mishelevka,RU,52.8575,103.1719,54.39,78,47,4.7,scattered clouds
458,Quepos,CR,9.4236,-84.1652,83.21,75,99,3.38,overcast clouds
459,Inta,RU,66.0317,60.1659,64.0,59,85,3.36,overcast clouds
460,Benguela,AO,-12.5763,13.4055,69.15,85,55,7.52,broken clouds
461,Port Shepstone,ZA,-30.7414,30.455,68.45,84,0,17.02,clear sky
462,Dekernes,EG,31.0876,31.595,83.53,44,0,9.55,clear sky
463,Pringsewu,ID,-5.3582,104.9744,75.4,82,86,4.81,overcast clouds
464,Ekangala,ZA,-25.6962,28.7492,57.29,51,0,6.78,clear sky
465,Marzuq,YE,14.4,46.4667,81.19,34,100,5.68,overcast clouds
466,Phetchabun,TH,16.25,101.0833,75.83,97,100,2.8,moderate rain
467,Turbat,PK,26.0023,63.044,84.4,78,64,3.58,moderate rain
468,Kahului,US,20.8947,-156.47,76.84,84,40,13.8,scattered clouds
469,Warburton,PK,31.55,73.8333,90.46,60,38,11.59,scattered clouds
470,Pangnirtung,CA,66.1451,-65.7125,46.4,87,75,21.85,broken clouds
471,Hauterive,FR,46.0901,3.4459,79.56,41,13,8.46,few clouds
472,Odlabari,IN,26.8333,88.6167,80.19,85,23,4.14,few clouds
473,Ambon,ID,-3.6954,128.1814,78.94,15,20,6.91,few clouds
474,Emmett,US,43.8735,-116.4993,83.19,40,14,6.22,few clouds
475,Wenling,CN,28.3669,121.36,78.75,93,99,5.97,overcast clouds
476,Yate,GB,51.5407,-2.4184,78.96,43,0,1.99,clear sky
477,Rafsanjan,IR,30.4067,55.9939,92.64,10,0,15.93,clear sky
478,Talnakh,RU,69.4865,88.3972,52.21,93,100,6.85,light rain
479,Gat,IL,31.61,34.7642,83.39,21,0,7.43,clear sky
480,Constitucion,CL,-35.3333,-72.4167,51.69,92,100,21.9,moderate rain
481,Gulf Gate Estates,US,27.2517,-82.5147,93.25,57,75,9.22,broken clouds
482,Coahuayana,MX,18.7333,-103.6833,86.23,63,78,1.05,broken clouds
483,Lincoln,US,40.8,-96.667,84.15,67,0,9.22,clear sky
484,Sarangani,PH,5.4033,125.4636,82.94,73,100,10.51,overcast clouds
485,Kargil,IN,34.5667,76.1,62.29,53,21,5.55,few clouds
486,Juazeiro,BR,-9.4117,-40.4986,82.58,47,75,18.41,light rain
487,Idlib,SY,35.9306,36.6339,78.01,53,0,15.61,clear sky
488,Hokitika,NZ,-42.7167,170.9667,43.23,74,100,11.99,overcast clouds
489,Ganzhou,CN,28.8184,115.4327,81.36,88,45,4.81,scattered clouds
490,Pochutla,MX,15.7432,-96.4661,90.82,56,0,4.88,clear sky
491,Dakar,SN,14.6937,-17.4441,86.88,74,75,9.22,broken clouds
492,Tommot,RU,58.9564,126.2925,56.97,98,100,2.62,overcast clouds
493,Balkhash,KZ,46.844,74.9804,71.58,47,21,5.14,few clouds
494,Prosvet,RU,55.5703,65.0825,68.72,66,85,1.9,overcast clouds
495,Dodoma,TZ,-6.1722,35.7395,71.51,40,20,20.71,few clouds
496,Baykit,RU,61.67,96.37,63.39,62,100,1.63,overcast clouds
497,Salinas,US,36.6777,-121.6555,73.99,74,40,5.75,mist
498,Kangaba,ML,11.9333,-8.4167,92.32,42,83,4.7,light rain
499,Mandurah,AU,-32.55,115.7,60.91,64,84,28.99,light rain
500,Mackay,AU,-21.15,149.2,46.69,69,0,9.6,clear sky
501,Imbituba,BR,-28.24,-48.6703,71.85,80,17,14.0,few clouds
502,Brandenburg,DE,52.4167,12.55,70.83,62,95,9.73,overcast clouds
503,Chadan,RU,51.2833,91.5833,59.0,66,80,2.3,broken clouds
504,Semnan,IR,35.5729,53.3971,94.84,14,0,9.22,clear sky
505,Yumen,CN,40.2833,97.2,78.58,15,0,4.7,clear sky
506,Lubao,PH,14.9167,120.55,80.67,88,34,3.0,scattered clouds
507,Ipueiras,BR,-7.0333,-40.45,83.3,37,9,14.74,clear sky
508,Impfondo,CG,1.6381,18.0667,81.66,59,100,1.92,overcast clouds
509,Vaitape,PF,-16.5167,-151.75,78.08,76,82,21.99,light rain
510,Novobirilyussy,RU,56.9514,90.6661,62.6,80,98,1.99,overcast clouds
511,Taldan,RU,53.6667,124.8,58.93,97,91,3.49,light rain
512,Kadoma,JP,34.7333,135.5833,78.78,89,75,2.3,broken clouds
513,Cravinhos,BR,-21.3403,-47.7294,77.72,24,0,5.97,clear sky
514,Margen,PH,11.0172,124.5283,77.14,85,95,1.03,light rain
515,Itaqui,BR,-29.1253,-56.5531,75.87,67,38,15.9,scattered clouds
516,Abbeville,FR,50.1,1.8333,75.25,36,14,14.38,few clouds
517,Pemangkat,ID,1.1667,108.9667,79.59,81,99,7.9,overcast clouds
518,Bomet,KE,-0.7813,35.3416,58.57,72,100,5.91,overcast clouds
519,Mount Pleasant,US,32.7941,-79.8626,89.98,69,0,11.5,clear sky
520,Bintulu,MY,3.1667,113.0333,77.41,94,20,3.44,few clouds
521,Chambas,CU,22.1928,-78.9136,86.63,67,55,9.42,broken clouds
522,Radnevo,BG,42.3,25.9333,81.07,43,100,16.17,overcast clouds
523,Shimoda,JP,34.6667,138.95,74.1,93,100,6.04,overcast clouds
524,Yuci,CN,37.6803,112.7319,69.55,83,20,8.95,light intensity shower rain
525,Taksimo,RU,56.3444,114.8794,58.48,80,100,4.38,light rain
526,Qasigiannguit,GL,68.8193,-51.1922,40.03,80,77,4.47,broken clouds
527,Batemans Bay,AU,-35.7167,150.1833,56.1,84,100,13.58,overcast clouds
528,Aketi,CD,2.7388,23.7833,76.23,76,80,3.22,light rain
529,Havoysund,NO,70.9963,24.6622,53.83,83,92,7.43,overcast clouds
530,Klyuchi,RU,52.2667,79.1667,65.73,78,93,3.51,light rain
531,Oklahoma City,US,35.4676,-97.5164,93.13,58,20,11.5,few clouds
532,Nguru,NG,12.8791,10.4526,97.38,29,98,4.18,overcast clouds
533,Pacific Grove,US,36.6177,-121.9166,66.81,91,75,10.0,mist
534,Grindavik,IS,63.8424,-22.4338,57.15,100,100,20.71,light intensity drizzle
535,Jumla,NP,29.2747,82.1838,61.2,91,100,2.06,moderate rain
536,Hammerfest,NO,70.6634,23.6821,55.85,71,98,10.36,overcast clouds
537,Kalamazoo,US,42.2506,-85.55,78.04,50,30,10.92,scattered clouds
538,Ust-Kuyga,RU,70.0167,135.6,43.32,86,8,8.08,clear sky
539,Urumqi,CN,43.801,87.6005,67.15,60,20,2.24,few clouds
540,Khasan,RU,42.4308,130.6434,64.36,98,100,4.03,overcast clouds
541,Susaki,JP,33.3667,133.2833,75.83,95,66,3.42,broken clouds
542,Svrljig,RS,43.4133,22.1211,67.51,89,100,4.25,overcast clouds
543,Prainha,BR,-1.8,-53.48,87.94,53,24,5.12,few clouds
544,Malazgirt,TR,39.1427,42.5401,74.03,31,19,1.52,few clouds
545,Luanda,AO,-8.8368,13.2343,69.48,84,84,15.39,broken clouds
546,Sovetskoye,RU,52.2861,85.4131,61.7,90,69,4.59,broken clouds
547,Port-Cartier,CA,50.0334,-66.8654,66.42,45,78,11.88,broken clouds
548,Paamiut,GL,61.994,-49.6678,39.65,91,100,8.37,overcast clouds
549,Sackville,CA,45.9188,-64.3846,71.85,37,1,7.92,clear sky
550,Kupang,ID,-10.1667,123.5833,75.58,81,27,14.63,scattered clouds
551,Kolondieba,ML,11.0882,-6.8926,89.37,47,84,3.87,broken clouds
552,Bogale,MM,16.2833,95.4,77.92,91,100,9.26,overcast clouds
553,Panaba,MX,21.2833,-88.2667,93.22,46,41,5.95,scattered clouds
554,Reserva,BR,-24.6503,-50.8506,73.35,41,18,5.37,few clouds
555,Kurchum,KZ,48.5722,83.6542,62.78,63,50,3.71,scattered clouds
556,Uthal,PK,25.8072,66.6219,83.5,84,86,9.22,overcast clouds
557,Chapais,CA,49.7834,-74.8492,58.78,33,10,7.61,clear sky
558,Launceston,AU,-41.45,147.1667,38.16,96,40,0.0,scattered clouds
559,Cabo San Lucas,MX,22.8909,-109.9124,92.61,64,92,4.0,overcast clouds
560,Puerto Baquerizo Moreno,EC,-0.9,-89.6,70.79,94,100,9.22,light rain
561,Metro,ID,-5.1131,105.3067,74.1,84,8,7.25,clear sky
562,Kotido,UG,2.9806,34.1331,72.57,59,88,5.5,overcast clouds
563,Dicabisagan,PH,17.0818,122.4157,79.16,91,95,4.21,overcast clouds
564,Broken Hill,AU,-31.95,141.4333,41.52,89,42,8.14,scattered clouds
565,Dvurechensk,RU,56.5982,61.0953,73.78,83,72,4.52,broken clouds
566,Comodoro Rivadavia,AR,-45.8667,-67.5,53.46,47,0,8.05,clear sky
567,Darab,IR,28.7519,54.5444,92.25,34,4,2.77,clear sky
568,Nantucket,US,41.2835,-70.0995,75.31,85,8,15.7,clear sky
569,Viedma,AR,-40.8135,-62.9967,57.76,32,3,14.0,clear sky
570,Terre Haute,US,39.4667,-87.4139,78.24,82,95,3.0,overcast clouds
571,Vuktyl,RU,63.8567,57.3094,67.32,52,46,3.56,scattered clouds
572,Suez,EG,29.9737,32.5263,84.74,41,3,18.07,clear sky
573,Kulhudhuffushi,MV,6.6221,73.07,80.82,83,100,15.82,light rain
574,Honiara,SB,-9.4333,159.95,75.33,82,73,5.21,broken clouds
575,Sungairaya,ID,0.7,108.9,79.05,82,96,5.75,overcast clouds
576,Krasnoselkup,RU,65.7,82.4667,61.65,68,5,19.6,clear sky
577,Morden,CA,49.1919,-98.1014,77.09,73,72,10.36,broken clouds
578,Cacheu,GW,12.2706,-16.1658,87.89,67,92,9.19,light rain
579,Goroka,PG,-6.0834,145.3873,58.64,96,100,0.85,overcast clouds
580,Sinnamary,GF,5.3833,-52.95,80.47,85,92,13.29,overcast clouds
581,Dingle,PH,10.9995,122.6711,76.73,90,100,5.03,overcast clouds
582,Saint-Joseph,RE,-21.3667,55.6167,68.38,77,26,17.67,scattered clouds
583,Lancut,PL,50.0687,22.2291,69.46,52,20,13.8,few clouds
584,Leningradskiy,RU,69.3833,178.4167,50.79,87,100,6.24,light rain
585,Rabo De Peixe,PT,37.8,-25.5833,69.31,68,75,12.66,broken clouds
586,Sal Rei,CV,16.1833,-22.9167,80.8,61,40,11.5,scattered clouds
587,Birao,CF,10.2849,22.7882,82.0,55,94,4.54,overcast clouds
588,Jesus Maria,AR,-30.9815,-64.0942,72.79,27,0,16.33,clear sky
589,Caidian,CN,30.5833,114.0333,89.73,75,5,9.6,clear sky
590,Artsyz,UA,45.9919,29.4182,76.23,52,100,20.38,overcast clouds
591,Solwezi,ZM,-12.1688,26.3894,60.39,48,8,4.12,clear sky
592,Roald,NO,62.5833,6.1333,56.16,93,75,18.41,broken clouds
593,Kuruman,ZA,-27.4524,23.4325,57.99,43,1,9.75,clear sky
594,Adana,TR,36.985,35.2881,84.72,70,20,9.22,few clouds
595,Tadine,NC,-21.55,167.8833,75.34,76,3,9.08,clear sky
596,Sola,VU,-13.8833,167.55,79.41,81,38,17.13,scattered clouds
597,Ilam,NP,26.9167,87.9167,70.84,89,64,2.17,broken clouds
598,Wewak,PG,-3.5534,143.6268,78.1,88,99,4.47,overcast clouds
599,Belaya Gora,RU,68.5333,146.4167,42.82,90,47,4.76,scattered clouds
600,Moindou,NC,-21.6924,165.677,74.48,87,15,6.06,few clouds
601,Iracoubo,GF,5.4802,-53.2011,80.83,85,99,12.48,overcast clouds
602,Homer,US,59.6425,-151.5483,56.8,75,78,10.0,broken clouds
603,Naze,JP,28.3667,129.4833,81.52,89,3,9.55,clear sky
604,Sao Miguel Do Araguaia,BR,-13.275,-50.1628,94.17,20,0,5.75,clear sky
605,Kathu,TH,7.9178,98.3332,85.75,86,100,15.32,overcast clouds
606,Abay,KZ,49.6311,72.8539,57.58,80,79,8.61,broken clouds
607,Antalaha,MG,-14.9003,50.2788,68.27,87,14,12.39,light rain
608,The Valley,AI,18.217,-63.0578,87.66,70,20,17.27,few clouds
609,Tamworth,GB,52.634,-1.6959,77.52,48,9,7.0,clear sky
610,Bandarban,BD,22.1965,92.2262,76.14,97,75,2.46,broken clouds
611,Zyryanka,RU,65.75,150.85,47.88,83,96,1.61,overcast clouds
612,Bagdarin,RU,54.4333,113.6,51.53,93,98,3.47,overcast clouds
613,Hervey Bay,AU,-25.2986,152.8535,54.0,68,57,10.65,broken clouds
614,Sambava,MG,-14.2667,50.1667,69.64,82,40,17.07,light rain
615,Carmen,MX,18.6333,-91.8333,86.04,70,75,11.5,broken clouds
616,Negombo,LK,7.2083,79.8358,82.45,78,20,4.61,few clouds
617,Letka,RU,59.6011,49.4232,66.11,70,42,6.33,scattered clouds
618,Avera,US,33.194,-82.5271,83.71,68,94,5.91,moderate rain
619,Panama City,PA,8.9936,-79.5197,84.15,90,75,3.44,thunderstorm
620,Hvolsvollur,IS,63.7533,-20.2243,50.67,85,100,11.45,overcast clouds
621,Pitimbu,BR,-7.4706,-34.8086,82.99,71,31,13.69,scattered clouds
622,Tilichiki,RU,60.4667,166.1,52.56,94,95,2.48,overcast clouds
623,Salinopolis,BR,-0.6136,-47.3561,83.03,70,8,10.71,clear sky
624,Skibbereen,IE,51.55,-9.2667,66.11,75,14,5.21,few clouds
625,Beauly,GB,57.484,-4.4587,71.91,57,68,10.13,broken clouds
626,Port Lincoln,AU,-34.7333,135.8667,50.47,78,0,11.1,clear sky
627,Monopoli,IT,40.9559,17.2896,78.71,61,0,26.08,clear sky
628,Kapoeta,SS,4.7717,33.5903,71.06,84,100,12.35,light rain
629,San Rafael,AR,-34.6177,-68.3301,62.24,16,6,7.65,clear sky
630,Veere,NL,51.5483,3.6667,70.05,65,20,21.85,few clouds
631,Port-Gentil,GA,-0.7193,8.7815,75.16,78,20,12.66,few clouds
632,Fairbanks,US,64.8378,-147.7164,72.23,70,0,4.61,haze
633,Kattivakkam,IN,13.2167,80.3167,83.07,84,100,17.13,heavy intensity rain
634,Murten,CH,46.9283,7.1172,81.1,38,23,11.5,mist
635,Komsomolskiy,UZ,40.4272,71.7189,81.32,26,96,4.61,overcast clouds
636,Malakal,SS,9.5334,31.6605,76.59,74,100,4.83,overcast clouds
637,Pozo Colorado,PY,-23.4923,-58.7972,93.88,20,4,16.51,clear sky
638,Falam,MM,22.9167,93.6833,63.34,97,9,2.77,clear sky
639,Eyl,SO,7.9803,49.8164,82.31,55,86,27.22,overcast clouds
640,Brae,GB,60.3964,-1.353,53.04,81,98,9.89,overcast clouds
641,Springfield,US,37.2153,-93.2982,82.9,73,100,14.97,overcast clouds
642,Coquimbo,CL,-29.9533,-71.3436,60.53,63,75,23.02,broken clouds
643,Iwanai,JP,42.9744,140.5089,67.23,96,85,1.83,overcast clouds
644,Fukue,JP,32.6881,128.8419,78.12,89,5,9.62,clear sky
645,Udachnyy,RU,66.4167,112.4,53.46,71,79,7.2,broken clouds
646,Tarauaca,BR,-8.1614,-70.7656,93.16,37,5,3.22,clear sky
647,Cacoal,BR,-11.4386,-61.4472,94.05,31,1,5.37,clear sky
648,Bien Hoa,VN,10.95,106.8167,76.98,88,100,10.36,light rain
649,Murray Bridge,AU,-35.1167,139.2667,43.34,85,0,2.44,clear sky
650,Carberry,CA,49.8689,-99.3602,71.83,72,75,9.13,broken clouds
651,Boyolangu,ID,-8.1181,111.8935,73.24,88,75,5.01,broken clouds
652,Sept-Iles,CA,50.2001,-66.3821,66.72,49,75,14.97,broken clouds
653,Hualmay,PE,-11.0964,-77.6139,66.87,70,64,10.76,broken clouds
654,Tacuarembo,UY,-31.7333,-55.9833,69.42,81,86,12.8,overcast clouds
655,Maiduguri,NG,11.8464,13.1603,92.32,35,99,9.33,overcast clouds
656,Warmbad,NA,-28.45,18.7333,62.31,31,2,14.58,clear sky
657,Hibbing,US,47.4272,-92.9377,74.62,40,18,6.38,few clouds
658,Gore,NZ,-46.1028,168.9436,30.99,92,32,2.06,scattered clouds
659,Vadeni,RO,45.3667,27.9333,79.34,37,94,17.9,overcast clouds
660,Batagay,RU,67.6333,134.6333,40.8,95,21,4.72,few clouds
661,Lubumbashi,CD,-11.6609,27.4794,63.1,44,17,3.62,few clouds
662,Cap Malheureux,MU,-19.9842,57.6142,69.48,63,74,8.01,broken clouds
663,Pierre,US,44.3683,-100.351,84.85,62,0,7.0,clear sky
664,Omsukchan,RU,62.5333,155.8,51.28,86,21,5.53,few clouds
665,Kralendijk,BQ,12.15,-68.2667,85.98,74,40,19.57,scattered clouds
666,Paracuru,BR,-3.41,-39.0306,85.1,56,81,14.72,broken clouds
667,Kieta,PG,-6.2167,155.6333,77.9,80,54,6.64,broken clouds
668,Byron Bay,AU,-28.65,153.6167,47.95,79,79,8.86,broken clouds
669,Jining,CN,35.405,116.5814,79.52,86,89,5.84,overcast clouds
670,Havelock,US,34.8791,-76.9013,84.94,84,95,8.93,overcast clouds
671,Nanakuli,US,21.3906,-158.1547,76.6,83,75,0.0,broken clouds
672,Ahero,KE,-0.1746,34.9163,75.18,74,31,1.95,scattered clouds
673,Taree,AU,-31.9,152.4667,43.11,84,9,5.35,clear sky
674,Talaya,RU,61.3833,152.75,55.98,85,29,6.17,scattered clouds
675,Tashara,RU,55.5195,83.5094,62.92,81,72,4.56,broken clouds
676,Roma,US,43.2128,-75.4557,76.57,46,0,5.01,clear sky
677,Siaya,KE,0.0612,34.2882,66.42,68,89,3.87,overcast clouds
678,Ende,ID,-8.8432,121.6623,75.92,91,83,7.54,broken clouds
679,Zolotonosha,UA,49.6689,32.0377,73.24,56,55,14.0,broken clouds
680,Saint-Denis,FR,48.9167,2.3333,86.34,40,0,14.97,clear sky
681,Apac,UG,1.9756,32.5386,74.98,55,99,5.73,overcast clouds
682,Reichenau,PL,50.9075,14.9563,72.01,61,88,1.01,overcast clouds
683,Caimito,CO,8.8123,-75.4107,88.56,67,33,4.38,scattered clouds
684,Mwinilunga,ZM,-11.7358,24.4293,62.01,39,4,5.23,clear sky
685,Morgan City,US,29.6994,-91.2068,91.02,72,49,6.02,scattered clouds
686,Inverell,AU,-29.7833,151.1167,36.16,88,1,5.01,clear sky
687,Zaragoza,ES,41.6561,-0.8773,97.86,23,0,6.91,clear sky
688,Hofn,IS,64.2539,-15.2082,50.47,87,100,1.57,overcast clouds
689,Ugoofaaru,MV,5.6667,73.0,81.7,77,69,15.46,broken clouds
690,Altay,CN,47.8667,88.1167,62.29,57,92,2.19,overcast clouds
